-- Insert into gd_global_data
INSERT INTO gd_global_data (client_id, designer_id, type_id, status_id, satrt_date, deadline, delivary_date) VALUES
(1, 1, 1, 1, '2023-01-10', '2023-03-15', '2023-03-10'),
(2, 3, 2, 2, '2023-01-25', '2023-02-28', '2023-02-25'),
(3, 2, 3, 1, '2023-02-05', '2023-04-10', '2023-04-05'),
(4, 4, 4, 2, '2023-02-15', '2023-03-01', '2023-02-28'),
(5, 10, 5, 3, '2023-03-01', '2023-04-15', '2023-04-06'),
(6, 3, 2, 1, '2023-03-10', '2023-05-20', '2023-05-15'),
(7, 2, 3, 2, '2023-03-20', '2023-04-05', '2023-04-01'),
(8, 4, 6, 1, '2023-04-01', '2023-06-15', '2023-06-10'),
(9, 6, 7, 4, '2023-04-10', '2023-12-31', '2023-06-13'),
(10, 10, 5, 3, '2023-04-20', '2023-06-30', '2023-07-03'),
(11, 3, 2, 1, '2023-05-05', '2023-07-20', '2023-07-15'),
(12, 1, 1, 2, '2023-05-15', '2023-06-30', '2023-06-25'),
(13, 6, 8, 1, '2023-05-25', '2023-07-10', '2023-07-05'),
(14, 10, 5, 3, '2023-06-05', '2023-07-25', '2023-07-11'),
(15, 3, 2, 1, '2023-06-15', '2023-08-30', '2023-08-25'),
(16, 2, 3, 2, '2023-06-25', '2023-07-10', '2023-07-05'),
(17, 10, 5, 1, '2023-07-05', '2023-09-15', '2023-09-10'),
(18, 1, 1, 3, '2023-07-15', '2023-09-30', '2023-09-23'),
(19, 2, 3, 1, '2023-07-25', '2023-09-10', '2023-09-05'),
(20, 4, 9, 2, '2023-08-05', '2023-08-25', '2023-08-20'),
(21, 2, 3, 1, '2023-08-15', '2023-10-05', '2023-10-01'),
(22, 10, 5, 3, '2023-08-25', '2023-10-15', '2023-11-06'),
(23, 2, 3, 2, '2023-09-05', '2023-09-20', '2023-09-18'),
(24, 1, 1, 1, '2023-09-15', '2023-11-30', '2023-11-25'),
(25, 4, 4, 3, '2023-09-25', '2023-10-10', '2023-12-18');


-- Insert into clients
INSERT INTO clients (name, email, industry, join_date) VALUES
('Acme Corp', 'contact@acme.com', 'Manufacturing', '2020-01-15 09:00:00'),
('TechSolutions', 'info@techsolutions.com', 'IT Services', '2020-02-20 10:30:00'),
('Global Retail', 'hello@globalretail.com', 'Retail', '2020-03-10 11:15:00'),
('GreenEnergy', 'support@greenenergy.com', 'Energy', '2020-04-05 14:20:00'),
('HealthPlus', 'contact@healthplus.com', 'Healthcare', '2020-05-12 08:45:00'),
('EduFuture', 'info@edufuture.org', 'Education', '2020-06-18 13:10:00'),
('FoodDelight', 'orders@fooddelight.com', 'Food Service', '2020-07-22 16:30:00'),
('AutoMasters', 'sales@automasters.com', 'Automotive', '2020-08-30 10:00:00'),
('FashionHub', 'style@fashionhub.com', 'Fashion', '2020-09-14 11:45:00'),
('BuildRight', 'construction@buildright.com', 'Construction', '2020-10-05 09:30:00'),
('FinSecure', 'support@finsecure.com', 'Finance', '2020-11-11 12:00:00'),
('TravelWorld', 'bookings@travelworld.com', 'Travel', '2020-12-03 15:20:00'),
('MediaPlus', 'info@mediaplus.tv', 'Media', '2021-01-17 10:15:00'),
('PharmaCare', 'contact@pharmacare.com', 'Pharmaceutical', '2021-02-28 14:00:00'),
('SmartHome', 'support@smarthome.com', 'Technology', '2021-03-08 08:30:00'),
('OceanShipping', 'operations@oceanshipping.com', 'Logistics', '2021-04-19 11:00:00'),
('AgriGrow', 'info@agrigrow.com', 'Agriculture', '2021-05-25 13:45:00'),
('LegalEase', 'contact@legalease.com', 'Legal Services', '2021-06-07 16:10:00'),
('BeautySpot', 'hello@beautyspot.com', 'Cosmetics', '2021-07-14 09:20:00'),
('SportLife', 'info@sportlife.com', 'Sports', '2021-08-22 10:50:00'),
('PetCare', 'support@petcare.com', 'Pet Services', '2021-09-30 12:30:00'),
('ArtGallery', 'visits@artgallery.com', 'Arts', '2021-10-11 15:00:00'),
('MusicWorld', 'tickets@musicworld.com', 'Entertainment', '2021-11-19 17:20:00'),
('CleanWater', 'contact@cleanwater.org', 'Non-Profit', '2021-12-24 08:00:00'),
('SpaceTech', 'info@spacetech.com', 'Aerospace', '2022-01-04 14:15:00');

-- Insert into designers
INSERT INTO designers (name, email, design_section, hire_date) VALUES
('John Smith', 'john@designstudio.com', 'Web Design', '2019-05-10'),
('Emily Johnson', 'emily@designstudio.com', 'Graphic Design', '2019-06-15'),
('Michael Brown', 'michael@designstudio.com', 'UI/UX', '2019-07-22'),
('Sarah Davis', 'sarah@designstudio.com', 'Print Design', '2019-08-30'),
('David Wilson', 'david@designstudio.com', 'Web Design', '2019-09-05'),
('Jessica Lee', 'jessica@designstudio.com', 'Motion Graphics', '2019-10-12'),
('Robert Taylor', 'robert@designstudio.com', 'UI/UX', '2019-11-18'),
('Jennifer Martinez', 'jennifer@designstudio.com', 'Graphic Design', '2019-12-03'),
('Thomas Anderson', 'thomas@designstudio.com', 'Web Design', '2020-01-15'),
('Lisa White', 'lisa@designstudio.com', 'Print Design', '2020-02-20'),
('Daniel Clark', 'daniel@designstudio.com', 'UI/UX', '2020-03-10'),
('Amanda Rodriguez', 'amanda@designstudio.com', 'Motion Graphics', '2020-04-05'),
('James Lewis', 'james@designstudio.com', 'Web Design', '2020-05-12'),
('Melissa Walker', 'melissa@designstudio.com', 'Graphic Design', '2020-06-18'),
('Christopher Hall', 'chris@designstudio.com', 'UI/UX', '2020-07-22'),
('Ashley Young', 'ashley@designstudio.com', 'Print Design', '2020-08-30'),
('Matthew Allen', 'matthew@designstudio.com', 'Web Design', '2020-09-14'),
('Nicole King', 'nicole@designstudio.com', 'Motion Graphics', '2020-10-05'),
('Andrew Wright', 'andrew@designstudio.com', 'UI/UX', '2020-11-11'),
('Stephanie Scott', 'stephanie@designstudio.com', 'Graphic Design', '2020-12-03'),
('Joshua Green', 'joshua@designstudio.com', 'Web Design', '2021-01-17'),
('Rebecca Baker', 'rebecca@designstudio.com', 'Print Design', '2021-02-28'),
('Kevin Adams', 'kevin@designstudio.com', 'UI/UX', '2021-03-08'),
('Laura Nelson', 'laura@designstudio.com', 'Motion Graphics', '2021-04-19'),
('Ryan Carter', 'ryan@designstudio.com', 'Web Design', '2021-05-25');

-- Insert into projects
INSERT INTO projects (client_id, title, description, project_type, status, start_date, deadline) VALUES
(1, 'Website Redesign', 'Complete overhaul of company website', 'Web Design', 'In Progress', '2023-01-10', '2023-03-15'),
(2, 'Mobile App UI', 'Design user interface for new mobile application', 'UI/UX', 'Completed', '2023-01-25', '2023-02-28'),
(3, 'Product Packaging', 'Design packaging for new product line', 'Graphic Design', 'In Progress', '2023-02-05', '2023-04-10'),
(4, 'Company Logo', 'Create new company logo and branding', 'Branding', 'Completed', '2023-02-15', '2023-03-01'),
(5, 'Marketing Brochure', 'Design 12-page product brochure', 'Print Design', 'Pending', '2023-03-01', '2023-04-15'),
(6, 'E-learning Platform', 'UI design for online education platform', 'UI/UX', 'In Progress', '2023-03-10', '2023-05-20'),
(7, 'Restaurant Menu', 'Design menu for new restaurant opening', 'Graphic Design', 'Completed', '2023-03-20', '2023-04-05'),
(8, 'Trade Show Booth', 'Design for 10x10 trade show booth', 'Exhibit Design', 'In Progress', '2023-04-01', '2023-06-15'),
(9, 'Social Media Graphics', 'Monthly social media content creation', 'Digital Design', 'Ongoing', '2023-04-10', '2023-12-31'),
(10, 'Annual Report', 'Design 40-page annual report', 'Print Design', 'Pending', '2023-04-20', '2023-06-30'),
(11, 'Banking App Redesign', 'Redesign mobile banking application', 'UI/UX', 'In Progress', '2023-05-05', '2023-07-20'),
(12, 'Travel Website', 'New website for travel agency', 'Web Design', 'Completed', '2023-05-15', '2023-06-30'),
(13, 'TV Commercial', 'Motion graphics for 30-second spot', 'Motion Graphics', 'In Progress', '2023-05-25', '2023-07-10'),
(14, 'Pharma Brochure', 'Product brochure for new medication', 'Print Design', 'Pending', '2023-06-05', '2023-07-25'),
(15, 'Smart Home App', 'UI for home automation system', 'UI/UX', 'In Progress', '2023-06-15', '2023-08-30'),
(16, 'Shipping Labels', 'Redesign of product shipping labels', 'Graphic Design', 'Completed', '2023-06-25', '2023-07-10'),
(17, 'Farm Equipment Catalog', '80-page product catalog', 'Print Design', 'In Progress', '2023-07-05', '2023-09-15'),
(18, 'Law Firm Website', 'New website for legal practice', 'Web Design', 'Pending', '2023-07-15', '2023-09-30'),
(19, 'Cosmetics Packaging', 'New packaging for skincare line', 'Graphic Design', 'In Progress', '2023-07-25', '2023-09-10'),
(20, 'Sports Apparel Ads', 'Series of print advertisements', 'Advertising', 'Completed', '2023-08-05', '2023-08-25'),
(21, 'Pet Food Packaging', 'New packaging design for pet food', 'Graphic Design', 'In Progress', '2023-08-15', '2023-10-05'),
(22, 'Gallery Exhibition', 'Promotional materials for art show', 'Print Design', 'Pending', '2023-08-25', '2023-10-15'),
(23, 'Concert Posters', 'Series of posters for music tour', 'Graphic Design', 'Completed', '2023-09-05', '2023-09-20'),
(24, 'Non-Profit Website', 'Website redesign for charity', 'Web Design', 'In Progress', '2023-09-15', '2023-11-30'),
(25, 'Space Tech Logo', 'New logo for aerospace company', 'Branding', 'Pending', '2023-09-25', '2023-10-10');

-- Insert into assignment
INSERT INTO assignment (assignment_id, project_id, designer_id, project_role, due_date, status) VALUES
(1, 1, 1, 'Lead Designer', '2023-03-10 17:00:00', 'In Progress'),
(2, 2, 3, 'UI Specialist', '2023-02-25 17:00:00', 'Completed'),
(3, 3, 2, 'Graphic Designer', '2023-04-05 17:00:00', 'In Progress'),
(4, 4, 4, 'Brand Designer', '2023-02-28 17:00:00', 'Completed'),
(5, 5, 10, 'Print Designer', '2023-04-10 17:00:00', 'Pending'),
(6, 6, 3, 'UX Lead', '2023-05-15 17:00:00', 'In Progress'),
(7, 7, 2, 'Graphic Designer', '2023-04-01 17:00:00', 'Completed'),
(8, 8, 4, 'Exhibit Designer', '2023-06-10 17:00:00', 'In Progress'),
(9, 9, 6, 'Motion Designer', '2023-12-25 17:00:00', 'Ongoing'),
(10, 10, 10, 'Print Specialist', '2023-06-25 17:00:00', 'Pending'),
(11, 11, 3, 'UI Architect', '2023-07-15 17:00:00', 'In Progress'),
(12, 12, 1, 'Web Designer', '2023-06-25 17:00:00', 'Completed'),
(13, 13, 6, 'Animator', '2023-07-05 17:00:00', 'In Progress'),
(14, 14, 10, 'Print Designer', '2023-07-20 17:00:00', 'Pending'),
(15, 15, 3, 'UI Designer', '2023-08-25 17:00:00', 'In Progress'),
(16, 16, 2, 'Packaging Designer', '2023-07-05 17:00:00', 'Completed'),
(17, 17, 10, 'Catalog Designer', '2023-09-10 17:00:00', 'In Progress'),
(18, 18, 1, 'Web Developer', '2023-09-25 17:00:00', 'Pending'),
(19, 19, 2, 'Packaging Specialist', '2023-09-05 17:00:00', 'In Progress'),
(20, 20, 4, 'Art Director', '2023-08-20 17:00:00', 'Completed'),
(21, 21, 2, 'Graphic Designer', '2023-10-01 17:00:00', 'In Progress'),
(22, 22, 10, 'Print Designer', '2023-10-10 17:00:00', 'Pending'),
(23, 23, 2, 'Poster Designer', '2023-09-18 17:00:00', 'Completed'),
(24, 24, 1, 'Web Designer', '2023-11-25 17:00:00', 'In Progress'),
(25, 25, 4, 'Brand Designer', '2023-10-05 17:00:00', 'Pending');

-- Insert into assets
INSERT INTO assets (project_id, name, file_url, file_type, uploaded) VALUES
(1, 'Homepage Mockup', 'https://example.com/files/homepage.jpg', 'JPEG', '2023-02-15 14:30:00'),
(2, 'App Wireframes', 'https://example.com/files/wireframes.pdf', 'PDF', '2023-02-10 11:20:00'),
(3, 'Package Design', 'https://example.com/files/package.ai', 'AI', '2023-03-20 16:45:00'),
(4, 'Logo Concept 1', 'https://example.com/files/logo1.eps', 'EPS', '2023-02-20 10:15:00'),
(5, 'Brochure Layout', 'https://example.com/files/brochure.indd', 'INDD', '2023-03-25 13:10:00'),
(6, 'Platform UI Kit', 'https://example.com/files/uikit.sketch', 'SKETCH', '2023-04-15 09:30:00'),
(7, 'Menu Design', 'https://example.com/files/menu.pdf', 'PDF', '2023-03-30 15:20:00'),
(8, 'Booth Render', 'https://example.com/files/booth.3ds', '3DS', '2023-05-20 14:00:00'),
(9, 'Social Media Post', 'https://example.com/files/post1.jpg', 'JPEG', '2023-04-25 11:45:00'),
(10, 'Report Cover', 'https://example.com/files/cover.psd', 'PSD', '2023-05-30 10:30:00'),
(11, 'Banking App Flow', 'https://example.com/files/flow.fig', 'FIGMA', '2023-06-20 16:15:00'),
(12, 'Website Homepage', 'https://example.com/files/travel.jpg', 'JPEG', '2023-06-15 14:50:00'),
(13, 'Commercial Storyboard', 'https://example.com/files/storyboard.pdf', 'PDF', '2023-06-30 12:40:00'),
(14, 'Brochure Draft', 'https://example.com/files/pharma.pdf', 'PDF', '2023-07-10 09:20:00'),
(15, 'App Screens', 'https://example.com/files/screens.fig', 'FIGMA', '2023-07-25 15:30:00'),
(16, 'Label Design', 'https://example.com/files/label.ai', 'AI', '2023-07-01 11:10:00'),
(17, 'Catalog Spread', 'https://example.com/files/spread.indd', 'INDD', '2023-08-20 13:50:00'),
(18, 'Website Mockup', 'https://example.com/files/lawfirm.jpg', 'JPEG', '2023-08-30 10:25:00'),
(19, 'Packaging Mockup', 'https://example.com/files/cosmetic.psd', 'PSD', '2023-08-15 14:15:00'),
(20, 'Ad Campaign', 'https://example.com/files/ads.zip', 'ZIP', '2023-08-15 16:40:00'),
(21, 'Pet Food Package', 'https://example.com/files/petfood.ai', 'AI', '2023-09-20 11:30:00'),
(22, 'Exhibition Poster', 'https://example.com/files/poster.psd', 'PSD', '2023-09-30 15:20:00'),
(23, 'Tour Poster', 'https://example.com/files/musicposter.jpg', 'JPEG', '2023-09-15 10:45:00'),
(24, 'Charity Homepage', 'https://example.com/files/charity.fig', 'FIGMA', '2023-10-30 14:10:00'),
(25, 'Logo Final', 'https://example.com/files/spacelogo.eps', 'EPS', '2023-10-05 09:15:00');

-- Insert into feedback
INSERT INTO feedback (asset_id, client_id, comment, rating, date_of_feedback) VALUES
(1, 1, 'Looks great but needs more vibrant colors', 4, '2023-02-20'),
(2, 2, 'Perfect! Exactly what we envisioned', 5, '2023-02-15'),
(3, 3, 'The design is good but needs minor adjustments', 4, '2023-03-25'),
(4, 4, 'We love the first concept!', 5, '2023-02-22'),
(5, 5, 'Layout needs restructuring', 3, '2023-04-01'),
(6, 6, 'Excellent work on the UI kit', 5, '2023-04-20'),
(7, 7, 'Menu looks appetizing!', 5, '2023-04-05'),
(8, 8, 'Booth design needs more branding', 3, '2023-05-25'),
(9, 9, 'Post is engaging and on-brand', 4, '2023-05-01'),
(10, 10, 'Cover is too corporate, needs to be friendlier', 3, '2023-06-05'),
(11, 11, 'User flow is intuitive and clean', 5, '2023-06-25'),
(12, 12, 'Homepage captures our travel spirit', 5, '2023-06-20'),
(13, 13, 'Storyboard needs more dynamic shots', 4, '2023-07-05'),
(14, 14, 'Draft is too technical for our audience', 3, '2023-07-15'),
(15, 15, 'Screens are modern and clean', 5, '2023-08-01'),
(16, 16, 'Label design approved', 5, '2023-07-10'),
(17, 17, 'Spread layout needs better product grouping', 4, '2023-08-25'),
(18, 18, 'Mockup is too traditional for our practice', 3, '2023-09-05'),
(19, 19, 'Packaging looks luxurious', 5, '2023-08-20'),
(20, 20, 'Ad campaign is impactful', 5, '2023-08-18'),
(21, 21, 'Package needs more prominent nutritional info', 4, '2023-09-25'),
(22, 22, 'Poster captures the artistic vibe', 5, '2023-10-05'),
(23, 23, 'Perfect design for our tour!', 5, '2023-09-20'),
(24, 24, 'Homepage needs more donation focus', 4, '2023-11-05'),
(25, 25, 'Logo is futuristic and bold', 5, '2023-10-10');